mean_fit_time,std_fit_time,mean_score_time,std_score_time,param_mlp__solver,param_mlp__learning_rate_init,param_mlp__hidden_layer_sizes,param_mlp__batch_size,param_mlp__alpha,param_mlp__activation,params,split0_test_score,split1_test_score,split2_test_score,mean_test_score,std_test_score,rank_test_score
0.062097628911336265,0.011553281030146604,0.007735093434651692,0.004326721825424581,adam,0.002976351441631319,"(128,)",64,0.01623776739188721,tanh,"{'mlp__solver': 'adam', 'mlp__learning_rate_init': np.float64(0.002976351441631319), 'mlp__hidden_layer_sizes': (128,), 'mlp__batch_size': 64, 'mlp__alpha': np.float64(0.01623776739188721), 'mlp__activation': 'tanh'}",0.7792207792207793,0.8857142857142857,0.8837209302325582,0.8495519983892077,0.04973833973108518,13
0.0846082369486491,0.005747734007779576,0.0013402303059895833,0.001895371875433912,adam,0.00379269019073225,"(64, 32, 16)",32,1.1288378916846883e-05,tanh,"{'mlp__solver': 'adam', 'mlp__learning_rate_init': np.float64(0.00379269019073225), 'mlp__hidden_layer_sizes': (64, 32, 16), 'mlp__batch_size': 32, 'mlp__alpha': np.float64(1.1288378916846883e-05), 'mlp__activation': 'tanh'}",0.7692307692307693,0.7,0.8148148148148148,0.7613485280151947,0.047203161759748195,95
0.19610214233398438,0.00869680563329219,0.0019998550415039062,0.0016273551391228684,adam,0.0001,"(32, 16)",16,1.8329807108324375e-06,relu,"{'mlp__solver': 'adam', 'mlp__learning_rate_init': np.float64(0.0001), 'mlp__hidden_layer_sizes': (32, 16), 'mlp__batch_size': 16, 'mlp__alpha': np.float64(1.8329807108324375e-06), 'mlp__activation': 'relu'}",0.7297297297297297,0.6181818181818182,0.8571428571428571,0.7350181350181351,0.09762707943395492,106
0.20128528277079263,0.048823105584400464,0.0055463314056396484,0.007843697095271423,adam,0.0011288378916846883,"(64, 32, 16)",16,0.00012742749857031334,relu,"{'mlp__solver': 'adam', 'mlp__learning_rate_init': np.float64(0.0011288378916846883), 'mlp__hidden_layer_sizes': (64, 32, 16), 'mlp__batch_size': 16, 'mlp__alpha': np.float64(0.00012742749857031334), 'mlp__activation': 'relu'}",0.676923076923077,0.8767123287671232,0.9333333333333333,0.8289895796745111,0.10998378815022591,35
0.056479692459106445,0.007182001333147326,0.004883368810017903,0.006906126401197082,adam,0.00379269019073225,"(128,)",32,0.0026366508987303583,tanh,"{'mlp__solver': 'adam', 'mlp__learning_rate_init': np.float64(0.00379269019073225), 'mlp__hidden_layer_sizes': (128,), 'mlp__batch_size': 32, 'mlp__alpha': np.float64(0.0026366508987303583), 'mlp__activation': 'tanh'}",0.7631578947368421,0.835820895522388,0.896551724137931,0.8318435047990538,0.054530377823107316,30
0.11912647883097331,0.027665258379868423,0.002198298772176107,0.0031088639377595726,adam,0.00026366508987303583,"(128,)",32,0.05455594781168514,relu,"{'mlp__solver': 'adam', 'mlp__learning_rate_init': np.float64(0.00026366508987303583), 'mlp__hidden_layer_sizes': (128,), 'mlp__batch_size': 32, 'mlp__alpha': np.float64(0.05455594781168514), 'mlp__activation': 'relu'}",0.7692307692307693,0.6567164179104478,0.9090909090909091,0.7783460320773754,0.10323286609157382,87
0.09555570284525554,0.007144846161770604,0.004651069641113281,0.003842131807180004,adam,0.00026366508987303583,"(64, 32)",32,0.029763514416313194,relu,"{'mlp__solver': 'adam', 'mlp__learning_rate_init': np.float64(0.00026366508987303583), 'mlp__hidden_layer_sizes': (64, 32), 'mlp__batch_size': 32, 'mlp__alpha': np.float64(0.029763514416313194), 'mlp__activation': 'relu'}",0.5901639344262295,0.631578947368421,0.7837837837837838,0.6685088885261448,0.08324672939219177,112
0.056316534678141274,0.01211388890149571,0.00853713353474935,0.007822230339186711,adam,0.007847599703514606,"(32,)",32,0.004832930238571752,tanh,"{'mlp__solver': 'adam', 'mlp__learning_rate_init': np.float64(0.007847599703514606), 'mlp__hidden_layer_sizes': (32,), 'mlp__batch_size': 32, 'mlp__alpha': np.float64(0.004832930238571752), 'mlp__activation': 'tanh'}",0.6086956521739131,0.835820895522388,0.8433734939759037,0.7626300138907349,0.10889169305239044,94
0.056119044621785484,0.014711490256361849,0.0026592413584391275,0.0020465293136067756,adam,0.0003359818286283781,"(32,)",64,0.00023357214690901214,relu,"{'mlp__solver': 'adam', 'mlp__learning_rate_init': np.float64(0.0003359818286283781), 'mlp__hidden_layer_sizes': (32,), 'mlp__batch_size': 64, 'mlp__alpha': np.float64(0.00023357214690901214), 'mlp__activation': 'relu'}",0.8387096774193549,0.7804878048780488,0.9534883720930233,0.8575619514634756,0.07187421995705043,9
0.08141628901163737,0.009313668539498882,0.0019926230112711587,0.0014090329098932074,adam,0.0011288378916846883,"(64,)",16,3.792690190732254e-05,tanh,"{'mlp__solver': 'adam', 'mlp__learning_rate_init': np.float64(0.0011288378916846883), 'mlp__hidden_layer_sizes': (64,), 'mlp__batch_size': 16, 'mlp__alpha': np.float64(3.792690190732254e-05), 'mlp__activation': 'tanh'}",0.6153846153846154,0.835820895522388,0.8571428571428571,0.7694494560166202,0.1092875041684698,92
0.0930933952331543,0.003347376138898383,0.0020064512888590493,0.0014187994348153236,adam,0.00042813323987193956,"(64, 32, 16)",64,3.792690190732254e-05,relu,"{'mlp__solver': 'adam', 'mlp__learning_rate_init': np.float64(0.00042813323987193956), 'mlp__hidden_layer_sizes': (64, 32, 16), 'mlp__batch_size': 64, 'mlp__alpha': np.float64(3.792690190732254e-05), 'mlp__activation': 'relu'}",0.6349206349206349,0.7297297297297297,0.9333333333333333,0.765994565994566,0.12449601976361485,93
0.09872881571451823,0.024606633789579287,0.0009993712107340496,0.001413324320065313,adam,0.0001623776739188721,"(64,)",16,0.004832930238571752,tanh,"{'mlp__solver': 'adam', 'mlp__learning_rate_init': np.float64(0.0001623776739188721), 'mlp__hidden_layer_sizes': (64,), 'mlp__batch_size': 16, 'mlp__alpha': np.float64(0.004832930238571752), 'mlp__activation': 'tanh'}",0.6470588235294118,0.3829787234042553,0.8433734939759037,0.6244703469698569,0.18863282790895003,115
0.059197028477986656,0.0035086710289302346,0.003637234369913737,0.0009070643188880589,adam,0.00020691380811147902,"(32,)",32,3.359818286283781e-06,tanh,"{'mlp__solver': 'adam', 'mlp__learning_rate_init': np.float64(0.00020691380811147902), 'mlp__hidden_layer_sizes': (32,), 'mlp__batch_size': 32, 'mlp__alpha': np.float64(3.359818286283781e-06), 'mlp__activation': 'tanh'}",0.7441860465116279,0.759493670886076,0.8974358974358975,0.8003718716112004,0.06891854938002485,72
0.04725114504496256,0.01893435710067329,0.0,0.0,adam,0.00020691380811147902,"(16,)",64,0.029763514416313194,relu,"{'mlp__solver': 'adam', 'mlp__learning_rate_init': np.float64(0.00020691380811147902), 'mlp__hidden_layer_sizes': (16,), 'mlp__batch_size': 64, 'mlp__alpha': np.float64(0.029763514416313194), 'mlp__activation': 'relu'}",0.676923076923077,0.21621621621621623,0.6666666666666666,0.5199353199353199,0.21480265200223314,120
0.12223259607950847,0.04078156092924864,0.0052937666575113935,0.007486516603091099,adam,0.00020691380811147902,"(32,)",8,2.06913808111479e-05,tanh,"{'mlp__solver': 'adam', 'mlp__learning_rate_init': np.float64(0.00020691380811147902), 'mlp__hidden_layer_sizes': (32,), 'mlp__batch_size': 8, 'mlp__alpha': np.float64(2.06913808111479e-05), 'mlp__activation': 'tanh'}",0.7586206896551724,0.8767123287671232,0.9113924050632911,0.8489084744951955,0.06539413832786417,14
0.1376948356628418,0.03667496550405849,0.006714026133219401,0.006850273174424723,adam,0.0001623776739188721,"(16,)",8,0.0026366508987303583,relu,"{'mlp__solver': 'adam', 'mlp__learning_rate_init': np.float64(0.0001623776739188721), 'mlp__hidden_layer_sizes': (16,), 'mlp__batch_size': 8, 'mlp__alpha': np.float64(0.0026366508987303583), 'mlp__activation': 'relu'}",0.676923076923077,0.36363636363636365,0.6666666666666666,0.569075369075369,0.14532764638260845,118
0.09492778778076172,0.020669847251784022,0.004984935124715169,0.0017277746868242679,adam,0.0003359818286283781,"(64, 32)",32,3.359818286283781e-06,relu,"{'mlp__solver': 'adam', 'mlp__learning_rate_init': np.float64(0.0003359818286283781), 'mlp__hidden_layer_sizes': (64, 32), 'mlp__batch_size': 32, 'mlp__alpha': np.float64(3.359818286283781e-06), 'mlp__activation': 'relu'}",0.5423728813559322,0.631578947368421,0.7945205479452054,0.656157458889853,0.10439568593596416,113
0.13624652226765951,0.011218741007869869,0.0013341903686523438,0.001886830114135704,adam,0.0008858667904100823,"(128,)",8,1.8329807108324375e-06,relu,"{'mlp__solver': 'adam', 'mlp__learning_rate_init': np.float64(0.0008858667904100823), 'mlp__hidden_layer_sizes': (128,), 'mlp__batch_size': 8, 'mlp__alpha': np.float64(1.8329807108324375e-06), 'mlp__activation': 'relu'}",0.7692307692307693,0.6764705882352942,0.9333333333333333,0.7930115635997991,0.10620345911014895,78
0.10155550638834636,0.023535189188342402,0.0,0.0,adam,0.002335721469090121,"(128,)",16,0.01623776739188721,tanh,"{'mlp__solver': 'adam', 'mlp__learning_rate_init': np.float64(0.002335721469090121), 'mlp__hidden_layer_sizes': (128,), 'mlp__batch_size': 16, 'mlp__alpha': np.float64(0.01623776739188721), 'mlp__activation': 'tanh'}",0.7466666666666667,0.8169014084507042,0.8433734939759037,0.8023138563644249,0.040805637837248915,70
0.051052252451578774,0.014101392607216432,0.0013327598571777344,0.001884807065407181,adam,0.002335721469090121,"(32,)",64,6.158482110660267e-06,relu,"{'mlp__solver': 'adam', 'mlp__learning_rate_init': np.float64(0.002335721469090121), 'mlp__hidden_layer_sizes': (32,), 'mlp__batch_size': 64, 'mlp__alpha': np.float64(6.158482110660267e-06), 'mlp__activation': 'relu'}",0.6829268292682927,0.8311688311688312,0.9090909090909091,0.8077288565093443,0.09380697223387585,62
0.0699022610982259,0.006988625729631851,0.004167397816975911,0.000604045733923835,adam,0.0014384498882876629,"(32,)",16,0.00012742749857031334,relu,"{'mlp__solver': 'adam', 'mlp__learning_rate_init': np.float64(0.0014384498882876629), 'mlp__hidden_layer_sizes': (32,), 'mlp__batch_size': 16, 'mlp__alpha': np.float64(0.00012742749857031334), 'mlp__activation': 'relu'}",0.6829268292682927,0.8311688311688312,0.9090909090909091,0.8077288565093443,0.09380697223387585,62
0.052849133809407554,0.010079608032528569,0.002672910690307617,0.001890043222019525,adam,0.0014384498882876629,"(64, 32)",64,6.951927961775606e-05,relu,"{'mlp__solver': 'adam', 'mlp__learning_rate_init': np.float64(0.0014384498882876629), 'mlp__hidden_layer_sizes': (64, 32), 'mlp__batch_size': 64, 'mlp__alpha': np.float64(6.951927961775606e-05), 'mlp__activation': 'relu'}",0.5806451612903226,0.8,0.7887323943661971,0.7231258518855066,0.10085402034141604,107
0.10138328870137532,0.013673501857684425,0.004228512446085612,0.0059800196499177035,adam,0.0001,"(32,)",8,0.0004281332398719391,relu,"{'mlp__solver': 'adam', 'mlp__learning_rate_init': np.float64(0.0001), 'mlp__hidden_layer_sizes': (32,), 'mlp__batch_size': 8, 'mlp__alpha': np.float64(0.0004281332398719391), 'mlp__activation': 'relu'}",0.8387096774193549,0.7804878048780488,0.9333333333333333,0.8508436052102457,0.06298604631143691,12
0.08411749203999837,0.0007158452183333,0.005277077356974284,0.007462914367924999,adam,0.0006951927961775605,"(128,)",16,6.951927961775606e-05,tanh,"{'mlp__solver': 'adam', 'mlp__learning_rate_init': np.float64(0.0006951927961775605), 'mlp__hidden_layer_sizes': (128,), 'mlp__batch_size': 16, 'mlp__alpha': np.float64(6.951927961775606e-05), 'mlp__activation': 'tanh'}",0.7297297297297297,0.8125,0.8705882352941177,0.8042726550079492,0.057798769027675355,69
0.05913154284159342,0.009638893388495644,0.008400599161783854,0.006941098701995506,adam,0.01,"(128,)",32,0.0014384498882876629,tanh,"{'mlp__solver': 'adam', 'mlp__learning_rate_init': np.float64(0.01), 'mlp__hidden_layer_sizes': (128,), 'mlp__batch_size': 32, 'mlp__alpha': np.float64(0.0014384498882876629), 'mlp__activation': 'tanh'}",0.8292682926829268,0.8493150684931506,0.8292682926829268,0.8359505512863348,0.009450140744223819,24
0.07779741287231445,0.001980429951267062,0.007853269577026367,0.005590530153794751,adam,0.0008858667904100823,"(64, 32)",64,0.0004281332398719391,tanh,"{'mlp__solver': 'adam', 'mlp__learning_rate_init': np.float64(0.0008858667904100823), 'mlp__hidden_layer_sizes': (64, 32), 'mlp__batch_size': 64, 'mlp__alpha': np.float64(0.0004281332398719391), 'mlp__activation': 'tanh'}",0.8395061728395061,0.7333333333333333,0.684931506849315,0.7525903376740515,0.06455724076935453,97
0.07847483952840169,0.005902852426267388,0.002331415812174479,0.002051459686596295,adam,0.004832930238571752,"(128, 64)",64,0.00023357214690901214,relu,"{'mlp__solver': 'adam', 'mlp__learning_rate_init': np.float64(0.004832930238571752), 'mlp__hidden_layer_sizes': (128, 64), 'mlp__batch_size': 64, 'mlp__alpha': np.float64(0.00023357214690901214), 'mlp__activation': 'relu'}",0.7532467532467533,0.8571428571428571,0.9333333333333333,0.847907647907648,0.07380948854555049,15
0.0607906182607015,0.012808049212209177,0.0038177172342936196,0.0002452029963531234,adam,0.00042813323987193956,"(32,)",32,0.0026366508987303583,relu,"{'mlp__solver': 'adam', 'mlp__learning_rate_init': np.float64(0.00042813323987193956), 'mlp__hidden_layer_sizes': (32,), 'mlp__batch_size': 32, 'mlp__alpha': np.float64(0.0026366508987303583), 'mlp__activation': 'relu'}",0.7294117647058823,0.7804878048780488,0.9333333333333333,0.8144109676390882,0.08663751022374404,54
0.05551807085673014,0.012007812971496164,0.006109476089477539,0.004385142003597666,adam,0.0001623776739188721,"(32, 16)",32,0.00023357214690901214,tanh,"{'mlp__solver': 'adam', 'mlp__learning_rate_init': np.float64(0.0001623776739188721), 'mlp__hidden_layer_sizes': (32, 16), 'mlp__batch_size': 32, 'mlp__alpha': np.float64(0.00023357214690901214), 'mlp__activation': 'tanh'}",0.684931506849315,0.8484848484848485,0.8571428571428571,0.7968530708256735,0.07921939005347164,75
0.04942893981933594,0.013233056184461594,0.0010318756103515625,0.001459292482841195,adam,0.002335721469090121,"(32, 16)",64,0.029763514416313194,tanh,"{'mlp__solver': 'adam', 'mlp__learning_rate_init': np.float64(0.002335721469090121), 'mlp__hidden_layer_sizes': (32, 16), 'mlp__batch_size': 64, 'mlp__alpha': np.float64(0.029763514416313194), 'mlp__activation': 'tanh'}",0.684931506849315,0.8484848484848485,0.8705882352941177,0.8013348635427603,0.08280276168597338,71
0.04197422663370768,0.020507073063049587,0.00661468505859375,0.007332150327443909,adam,0.0014384498882876629,"(32,)",64,0.00012742749857031334,tanh,"{'mlp__solver': 'adam', 'mlp__learning_rate_init': np.float64(0.0014384498882876629), 'mlp__hidden_layer_sizes': (32,), 'mlp__batch_size': 64, 'mlp__alpha': np.float64(0.00012742749857031334), 'mlp__activation': 'tanh'}",0.7441860465116279,0.8857142857142857,0.9230769230769231,0.850992418434279,0.07704843706021439,11
0.0876607894897461,0.011951069086648303,0.0023168722788492837,0.0016770798551838538,adam,0.000545559478116852,"(32,)",16,1.1288378916846883e-05,relu,"{'mlp__solver': 'adam', 'mlp__learning_rate_init': np.float64(0.000545559478116852), 'mlp__hidden_layer_sizes': (32,), 'mlp__batch_size': 16, 'mlp__alpha': np.float64(1.1288378916846883e-05), 'mlp__activation': 'relu'}",0.7294117647058823,0.8311688311688312,0.9333333333333333,0.8313046430693488,0.0832506871704344,32
0.10183477401733398,0.010273674091480651,0.0010009606679280598,0.0014155721519858943,adam,0.0014384498882876629,"(64, 32, 16)",64,0.1,tanh,"{'mlp__solver': 'adam', 'mlp__learning_rate_init': np.float64(0.0014384498882876629), 'mlp__hidden_layer_sizes': (64, 32, 16), 'mlp__batch_size': 64, 'mlp__alpha': np.float64(0.1), 'mlp__activation': 'tanh'}",0.8,0.8767123287671232,0.8148148148148148,0.8305090478606459,0.03322576369216561,33
0.07968664169311523,0.0036883737370580734,0.0023310979207356772,0.0016977113793499653,adam,0.0008858667904100823,"(32,)",16,1e-06,relu,"{'mlp__solver': 'adam', 'mlp__learning_rate_init': np.float64(0.0008858667904100823), 'mlp__hidden_layer_sizes': (32,), 'mlp__batch_size': 16, 'mlp__alpha': np.float64(1e-06), 'mlp__activation': 'relu'}",0.7142857142857143,0.8311688311688312,0.9090909090909091,0.8181818181818182,0.0800573247138828,47
0.04464618364969889,0.009610739612553766,0.0009947617848714192,0.0014068056074956284,adam,0.007847599703514606,"(32, 16)",64,0.00023357214690901214,tanh,"{'mlp__solver': 'adam', 'mlp__learning_rate_init': np.float64(0.007847599703514606), 'mlp__hidden_layer_sizes': (32, 16), 'mlp__batch_size': 64, 'mlp__alpha': np.float64(0.00023357214690901214), 'mlp__activation': 'tanh'}",0.72,0.8656716417910447,0.8705882352941177,0.8187532923617208,0.06985796440935585,46
0.07451057434082031,0.024817487285839903,0.00885923703511556,0.006950601060359929,adam,0.0003359818286283781,"(128,)",32,1.1288378916846883e-05,relu,"{'mlp__solver': 'adam', 'mlp__learning_rate_init': np.float64(0.0003359818286283781), 'mlp__hidden_layer_sizes': (128,), 'mlp__batch_size': 32, 'mlp__alpha': np.float64(1.1288378916846883e-05), 'mlp__activation': 'relu'}",0.7532467532467533,0.6567164179104478,0.9090909090909091,0.7730180267493701,0.1039756330158999,90
0.09886503219604492,0.001655548616125093,0.0,0.0,adam,0.0001623776739188721,"(64, 32)",64,0.0014384498882876629,tanh,"{'mlp__solver': 'adam', 'mlp__learning_rate_init': np.float64(0.0001623776739188721), 'mlp__hidden_layer_sizes': (64, 32), 'mlp__batch_size': 64, 'mlp__alpha': np.float64(0.0014384498882876629), 'mlp__activation': 'tanh'}",0.5573770491803278,0.5925925925925926,0.684931506849315,0.6116337162074118,0.053786356443454336,116
0.05199805895487467,0.0020721502131379075,0.006604989369710286,0.007324029299291411,adam,0.01,"(128,)",64,3.359818286283781e-06,relu,"{'mlp__solver': 'adam', 'mlp__learning_rate_init': np.float64(0.01), 'mlp__hidden_layer_sizes': (128,), 'mlp__batch_size': 64, 'mlp__alpha': np.float64(3.359818286283781e-06), 'mlp__activation': 'relu'}",0.7532467532467533,0.8205128205128205,0.9333333333333333,0.8356976356976357,0.07429996877957083,25
0.06833783785502116,0.007047825316538583,0.0033446947733561196,0.0004807215599912839,adam,0.007847599703514606,"(64, 32, 16)",32,0.029763514416313194,tanh,"{'mlp__solver': 'adam', 'mlp__learning_rate_init': np.float64(0.007847599703514606), 'mlp__hidden_layer_sizes': (64, 32, 16), 'mlp__batch_size': 32, 'mlp__alpha': np.float64(0.029763514416313194), 'mlp__activation': 'tanh'}",0.8292682926829268,0.7945205479452054,0.8,0.8079296135427109,0.01525364479486824,61
0.11757946014404297,0.00768174020272016,0.004178841908772786,0.0010325773024604645,adam,0.000545559478116852,"(128, 64)",64,1.8329807108324375e-06,relu,"{'mlp__solver': 'adam', 'mlp__learning_rate_init': np.float64(0.000545559478116852), 'mlp__hidden_layer_sizes': (128, 64), 'mlp__batch_size': 64, 'mlp__alpha': np.float64(1.8329807108324375e-06), 'mlp__activation': 'relu'}",0.7848101265822784,0.8205128205128205,0.9213483146067416,0.8422237539006135,0.057816910263796255,18
0.06896471977233887,0.006284430530748364,0.003549655278523763,0.0007690595080069532,adam,0.0018329807108324356,"(128, 64)",64,6.951927961775606e-05,tanh,"{'mlp__solver': 'adam', 'mlp__learning_rate_init': np.float64(0.0018329807108324356), 'mlp__hidden_layer_sizes': (128, 64), 'mlp__batch_size': 64, 'mlp__alpha': np.float64(6.951927961775606e-05), 'mlp__activation': 'tanh'}",0.625,0.7945205479452054,0.9213483146067416,0.780289620850649,0.12140145621598343,86
0.03532814979553223,0.002349003253776532,0.0036223729451497397,0.0051228089470041335,adam,0.002976351441631319,"(32,)",64,0.029763514416313194,relu,"{'mlp__solver': 'adam', 'mlp__learning_rate_init': np.float64(0.002976351441631319), 'mlp__hidden_layer_sizes': (32,), 'mlp__batch_size': 64, 'mlp__alpha': np.float64(0.029763514416313194), 'mlp__activation': 'relu'}",0.6829268292682927,0.8157894736842105,0.9195402298850575,0.8060855109458536,0.09684042030570349,65
0.059576988220214844,0.013946493057697771,0.0009992917378743489,0.0014132119284692842,adam,0.004832930238571752,"(32,)",32,2.06913808111479e-05,relu,"{'mlp__solver': 'adam', 'mlp__learning_rate_init': np.float64(0.004832930238571752), 'mlp__hidden_layer_sizes': (32,), 'mlp__batch_size': 32, 'mlp__alpha': np.float64(2.06913808111479e-05), 'mlp__activation': 'relu'}",0.65,0.8311688311688312,0.9333333333333333,0.8048340548340548,0.11715967673193271,68
0.1309523582458496,0.022235196356262456,0.011142253875732422,0.007925586388514464,adam,0.0011288378916846883,"(64,)",8,3.792690190732254e-05,relu,"{'mlp__solver': 'adam', 'mlp__learning_rate_init': np.float64(0.0011288378916846883), 'mlp__hidden_layer_sizes': (64,), 'mlp__batch_size': 8, 'mlp__alpha': np.float64(3.792690190732254e-05), 'mlp__activation': 'relu'}",0.8205128205128205,0.8125,0.8571428571428571,0.8300518925518925,0.019433503629802857,34
0.05082233746846517,0.012500904165973057,0.000999768575032552,0.0014138862780454585,adam,0.007847599703514606,"(32,)",64,0.0026366508987303583,relu,"{'mlp__solver': 'adam', 'mlp__learning_rate_init': np.float64(0.007847599703514606), 'mlp__hidden_layer_sizes': (32,), 'mlp__batch_size': 64, 'mlp__alpha': np.float64(0.0026366508987303583), 'mlp__activation': 'relu'}",0.8292682926829268,0.8266666666666667,0.9333333333333333,0.8630894308943088,0.049681294178523606,5
0.15874441464742026,0.007152620040654343,0.0,0.0,adam,0.0001623776739188721,"(64, 32, 16)",32,3.359818286283781e-06,tanh,"{'mlp__solver': 'adam', 'mlp__learning_rate_init': np.float64(0.0001623776739188721), 'mlp__hidden_layer_sizes': (64, 32, 16), 'mlp__batch_size': 32, 'mlp__alpha': np.float64(3.359818286283781e-06), 'mlp__activation': 'tanh'}",0.7671232876712328,0.6896551724137931,0.9090909090909091,0.788623123058645,0.09086507515366397,82
0.11783401171366374,0.025565242030991586,0.0052471160888671875,0.0074205427362220465,adam,0.00615848211066026,"(16,)",8,0.004832930238571752,tanh,"{'mlp__solver': 'adam', 'mlp__learning_rate_init': np.float64(0.00615848211066026), 'mlp__hidden_layer_sizes': (16,), 'mlp__batch_size': 8, 'mlp__alpha': np.float64(0.004832930238571752), 'mlp__activation': 'tanh'}",0.8311688311688312,0.7945205479452054,0.8571428571428571,0.8276107454189646,0.025688952008780287,37
0.07134421666463216,0.003719712406504353,0.0033866564432779946,0.0004406009028756892,adam,0.000545559478116852,"(32, 16)",32,0.01623776739188721,relu,"{'mlp__solver': 'adam', 'mlp__learning_rate_init': np.float64(0.000545559478116852), 'mlp__hidden_layer_sizes': (32, 16), 'mlp__batch_size': 32, 'mlp__alpha': np.float64(0.01623776739188721), 'mlp__activation': 'relu'}",0.7297297297297297,0.6666666666666666,0.8571428571428571,0.7511797511797512,0.0792269834073185,98
0.09089875221252441,0.005510943267981121,0.007793505986531575,0.005706401529909999,adam,0.0018329807108324356,"(128, 64)",32,0.0026366508987303583,relu,"{'mlp__solver': 'adam', 'mlp__learning_rate_init': np.float64(0.0018329807108324356), 'mlp__hidden_layer_sizes': (128, 64), 'mlp__batch_size': 32, 'mlp__alpha': np.float64(0.0026366508987303583), 'mlp__activation': 'relu'}",0.7532467532467533,0.8493150684931506,0.9213483146067416,0.8413033787822152,0.06886060369536276,19
0.11501320203145345,0.01268592514894077,0.0034143924713134766,0.0048286801401961075,adam,0.00379269019073225,"(128, 64)",16,0.01623776739188721,relu,"{'mlp__solver': 'adam', 'mlp__learning_rate_init': np.float64(0.00379269019073225), 'mlp__hidden_layer_sizes': (128, 64), 'mlp__batch_size': 16, 'mlp__alpha': np.float64(0.01623776739188721), 'mlp__activation': 'relu'}",0.8,0.8611111111111112,0.9333333333333333,0.8648148148148148,0.05449607025763762,4
0.10867691040039062,0.006016281683352802,0.006559689839680989,0.0066505677013644245,adam,0.002335721469090121,"(16,)",8,0.01623776739188721,relu,"{'mlp__solver': 'adam', 'mlp__learning_rate_init': np.float64(0.002335721469090121), 'mlp__hidden_layer_sizes': (16,), 'mlp__batch_size': 8, 'mlp__alpha': np.float64(0.01623776739188721), 'mlp__activation': 'relu'}",0.8354430379746836,0.8125,0.8571428571428571,0.835028631705847,0.018227725637722424,26
0.19113651911417642,0.03181366408187357,0.0034224987030029297,0.001613898396933791,adam,0.002335721469090121,"(64, 32, 16)",8,0.0026366508987303583,relu,"{'mlp__solver': 'adam', 'mlp__learning_rate_init': np.float64(0.002335721469090121), 'mlp__hidden_layer_sizes': (64, 32, 16), 'mlp__batch_size': 8, 'mlp__alpha': np.float64(0.0026366508987303583), 'mlp__activation': 'relu'}",0.7027027027027027,0.8311688311688312,0.9333333333333333,0.8224016224016225,0.09435842978927553,43
0.10336391131083171,0.017465873556531106,0.005063851674397786,0.0014928208324508207,adam,0.002335721469090121,"(128, 64)",64,0.008858667904100823,relu,"{'mlp__solver': 'adam', 'mlp__learning_rate_init': np.float64(0.002335721469090121), 'mlp__hidden_layer_sizes': (128, 64), 'mlp__batch_size': 64, 'mlp__alpha': np.float64(0.008858667904100823), 'mlp__activation': 'relu'}",0.8148148148148148,0.8611111111111112,0.9213483146067416,0.8657580801775558,0.04361607032281786,3
0.10688050587972005,0.01173972700227244,0.0066195329030354815,0.006727321523690882,adam,0.004832930238571752,"(128,)",8,0.029763514416313194,relu,"{'mlp__solver': 'adam', 'mlp__learning_rate_init': np.float64(0.004832930238571752), 'mlp__hidden_layer_sizes': (128,), 'mlp__batch_size': 8, 'mlp__alpha': np.float64(0.029763514416313194), 'mlp__activation': 'relu'}",0.8837209302325582,0.8108108108108109,0.9333333333333333,0.875955024792234,0.05032013577619168,1
0.09470272064208984,0.024719019365052625,0.0048902034759521484,0.004402009732177717,adam,0.00615848211066026,"(64,)",16,0.029763514416313194,tanh,"{'mlp__solver': 'adam', 'mlp__learning_rate_init': np.float64(0.00615848211066026), 'mlp__hidden_layer_sizes': (64,), 'mlp__batch_size': 16, 'mlp__alpha': np.float64(0.029763514416313194), 'mlp__activation': 'tanh'}",0.8157894736842105,0.7945205479452054,0.8705882352941177,0.8269660856411779,0.03204435213658755,39
0.1099255879720052,0.020390110810445818,0.0006690820058186849,0.0009462248469685781,adam,0.0018329807108324356,"(64,)",8,1.1288378916846883e-05,relu,"{'mlp__solver': 'adam', 'mlp__learning_rate_init': np.float64(0.0018329807108324356), 'mlp__hidden_layer_sizes': (64,), 'mlp__batch_size': 8, 'mlp__alpha': np.float64(1.1288378916846883e-05), 'mlp__activation': 'relu'}",0.8354430379746836,0.7714285714285715,0.8571428571428571,0.8213381555153707,0.03638631130677965,44
0.06842947006225586,0.01436131315222222,0.002003192901611328,0.0016325911668322872,adam,0.0003359818286283781,"(32, 16)",32,0.01623776739188721,tanh,"{'mlp__solver': 'adam', 'mlp__learning_rate_init': np.float64(0.0003359818286283781), 'mlp__hidden_layer_sizes': (32, 16), 'mlp__batch_size': 32, 'mlp__alpha': np.float64(0.01623776739188721), 'mlp__activation': 'tanh'}",0.6666666666666666,0.8484848484848485,0.8837209302325582,0.7996241484613579,0.09510928569500819,73
0.07740648587544759,0.009949405122103667,0.0033087730407714844,0.0004417005167034763,adam,0.01,"(64,)",16,0.008858667904100823,tanh,"{'mlp__solver': 'adam', 'mlp__learning_rate_init': np.float64(0.01), 'mlp__hidden_layer_sizes': (64,), 'mlp__batch_size': 16, 'mlp__alpha': np.float64(0.008858667904100823), 'mlp__activation': 'tanh'}",0.8311688311688312,0.8108108108108109,0.8705882352941177,0.8375226257579199,0.024814151187371715,23
0.18361441294352213,0.02029733220577379,0.006669918696085612,0.006860931856027793,adam,0.0011288378916846883,"(64, 32, 16)",8,0.004832930238571752,tanh,"{'mlp__solver': 'adam', 'mlp__learning_rate_init': np.float64(0.0011288378916846883), 'mlp__hidden_layer_sizes': (64, 32, 16), 'mlp__batch_size': 8, 'mlp__alpha': np.float64(0.004832930238571752), 'mlp__activation': 'tanh'}",0.8395061728395061,0.7619047619047619,0.8292682926829268,0.8102264091423983,0.03442324545365675,59
0.12127900123596191,0.04060515029646124,0.0037550131479899087,0.0012708472814895511,adam,0.00020691380811147902,"(128,)",32,0.01623776739188721,tanh,"{'mlp__solver': 'adam', 'mlp__learning_rate_init': np.float64(0.00020691380811147902), 'mlp__hidden_layer_sizes': (128,), 'mlp__batch_size': 32, 'mlp__alpha': np.float64(0.01623776739188721), 'mlp__activation': 'tanh'}",0.7297297297297297,0.5357142857142857,0.896551724137931,0.7206652465273155,0.14745064232668875,109
0.12749600410461426,0.04073596015858113,0.0006701946258544922,0.000947798329312985,adam,0.000545559478116852,"(64, 32, 16)",32,1.1288378916846883e-05,tanh,"{'mlp__solver': 'adam', 'mlp__learning_rate_init': np.float64(0.000545559478116852), 'mlp__hidden_layer_sizes': (64, 32, 16), 'mlp__batch_size': 32, 'mlp__alpha': np.float64(1.1288378916846883e-05), 'mlp__activation': 'tanh'}",0.7894736842105263,0.8857142857142857,0.9090909090909091,0.8614262930052403,0.051765497289198284,7
0.04341252644856771,0.013531972426418742,0.006769021352132161,0.0046777826984302166,adam,0.01,"(32,)",64,3.792690190732254e-05,tanh,"{'mlp__solver': 'adam', 'mlp__learning_rate_init': np.float64(0.01), 'mlp__hidden_layer_sizes': (32,), 'mlp__batch_size': 64, 'mlp__alpha': np.float64(3.792690190732254e-05), 'mlp__activation': 'tanh'}",0.647887323943662,0.8656716417910447,0.8433734939759037,0.7856441532368702,0.09783322496877031,85
0.1353489557902018,0.0045727875158979876,0.001840829849243164,0.0014402416632996447,adam,0.00042813323987193956,"(64,)",8,0.1,relu,"{'mlp__solver': 'adam', 'mlp__learning_rate_init': np.float64(0.00042813323987193956), 'mlp__hidden_layer_sizes': (64,), 'mlp__batch_size': 8, 'mlp__alpha': np.float64(0.1), 'mlp__activation': 'relu'}",0.7945205479452054,0.7936507936507936,0.8571428571428571,0.815104732912952,0.029727563356923593,51
0.10926349957784016,0.013743799573330582,0.001506805419921875,0.0014820620504304043,adam,0.00042813323987193956,"(32, 16)",64,0.0014384498882876629,relu,"{'mlp__solver': 'adam', 'mlp__learning_rate_init': np.float64(0.00042813323987193956), 'mlp__hidden_layer_sizes': (32, 16), 'mlp__batch_size': 64, 'mlp__alpha': np.float64(0.0014384498882876629), 'mlp__activation': 'relu'}",0.7297297297297297,0.6666666666666666,0.8571428571428571,0.7511797511797512,0.0792269834073185,98
0.17257316907246908,0.05265652035273943,0.004560708999633789,0.0032916396165353465,adam,0.00012742749857031334,"(128, 64)",32,3.359818286283781e-06,tanh,"{'mlp__solver': 'adam', 'mlp__learning_rate_init': np.float64(0.00012742749857031334), 'mlp__hidden_layer_sizes': (128, 64), 'mlp__batch_size': 32, 'mlp__alpha': np.float64(3.359818286283781e-06), 'mlp__activation': 'tanh'}",0.696969696969697,0.7792207792207793,0.896551724137931,0.7909140667761357,0.08189748112746252,81
0.12504998842875162,0.02664758495244694,0.00661015510559082,0.006704264110171002,adam,0.0018329807108324356,"(64, 32, 16)",64,1.1288378916846883e-05,relu,"{'mlp__solver': 'adam', 'mlp__learning_rate_init': np.float64(0.0018329807108324356), 'mlp__hidden_layer_sizes': (64, 32, 16), 'mlp__batch_size': 64, 'mlp__alpha': np.float64(1.1288378916846883e-05), 'mlp__activation': 'relu'}",0.676923076923077,0.8421052631578947,0.9333333333333333,0.8174538911381016,0.10612044259531096,49
0.2594386736551921,0.08022951442369763,0.0013442039489746094,0.0019009914552353645,adam,0.0003359818286283781,"(128, 64)",16,3.359818286283781e-06,relu,"{'mlp__solver': 'adam', 'mlp__learning_rate_init': np.float64(0.0003359818286283781), 'mlp__hidden_layer_sizes': (128, 64), 'mlp__batch_size': 16, 'mlp__alpha': np.float64(3.359818286283781e-06), 'mlp__activation': 'relu'}",0.7532467532467533,0.8205128205128205,0.9213483146067416,0.8317026294554385,0.06908179982718893,31
0.21042235692342123,0.007033189109938113,0.0,0.0,adam,0.00020691380811147902,"(64, 32, 16)",8,3.792690190732254e-05,relu,"{'mlp__solver': 'adam', 'mlp__learning_rate_init': np.float64(0.00020691380811147902), 'mlp__hidden_layer_sizes': (64, 32, 16), 'mlp__batch_size': 8, 'mlp__alpha': np.float64(3.792690190732254e-05), 'mlp__activation': 'relu'}",0.65625,0.8157894736842105,0.9090909090909091,0.7937101275917066,0.1043958954186219,77
0.08572030067443848,0.0024126742244909337,0.005949497222900391,0.007041580522359032,adam,0.01,"(64, 32)",16,0.029763514416313194,tanh,"{'mlp__solver': 'adam', 'mlp__learning_rate_init': np.float64(0.01), 'mlp__hidden_layer_sizes': (64, 32), 'mlp__batch_size': 16, 'mlp__alpha': np.float64(0.029763514416313194), 'mlp__activation': 'tanh'}",0.7323943661971831,0.8333333333333334,0.9090909090909091,0.8249395362071419,0.0723798265646597,41
0.10987027486165364,0.027972760333231733,0.0020112196604410806,0.0014221470903311995,adam,0.00615848211066026,"(64, 32)",16,0.0004281332398719391,tanh,"{'mlp__solver': 'adam', 'mlp__learning_rate_init': np.float64(0.00615848211066026), 'mlp__hidden_layer_sizes': (64, 32), 'mlp__batch_size': 16, 'mlp__alpha': np.float64(0.0004281332398719391), 'mlp__activation': 'tanh'}",0.72,0.7837837837837838,0.8705882352941177,0.7914573396926338,0.06171637679721552,80
0.2519357204437256,0.052633037137148585,0.006338834762573242,0.0016905608646731452,adam,0.00012742749857031334,"(32, 16)",32,1.8329807108324375e-06,relu,"{'mlp__solver': 'adam', 'mlp__learning_rate_init': np.float64(0.00012742749857031334), 'mlp__hidden_layer_sizes': (32, 16), 'mlp__batch_size': 32, 'mlp__alpha': np.float64(1.8329807108324375e-06), 'mlp__activation': 'relu'}",0.6944444444444444,0.6666666666666666,0.8571428571428571,0.7394179894179894,0.0840129339058223,104
0.11321576436360677,0.005710204963858199,0.0,0.0,adam,0.002335721469090121,"(128,)",8,0.05455594781168514,relu,"{'mlp__solver': 'adam', 'mlp__learning_rate_init': np.float64(0.002335721469090121), 'mlp__hidden_layer_sizes': (128,), 'mlp__batch_size': 8, 'mlp__alpha': np.float64(0.05455594781168514), 'mlp__activation': 'relu'}",0.8148148148148148,0.8205128205128205,0.9333333333333333,0.8562203228869896,0.054576729487374465,10
0.07421875,0.008092086743481977,0.0033356348673502603,0.0004732816514379336,adam,0.0003359818286283781,"(64, 32)",64,0.01623776739188721,relu,"{'mlp__solver': 'adam', 'mlp__learning_rate_init': np.float64(0.0003359818286283781), 'mlp__hidden_layer_sizes': (64, 32), 'mlp__batch_size': 64, 'mlp__alpha': np.float64(0.01623776739188721), 'mlp__activation': 'relu'}",0.5901639344262295,0.631578947368421,0.8108108108108109,0.6775178975351538,0.09575681480146934,111
0.05206163724263509,0.014442153048178707,0.0031152566274007163,0.002270498590830017,adam,0.00615848211066026,"(128,)",64,1e-06,tanh,"{'mlp__solver': 'adam', 'mlp__learning_rate_init': np.float64(0.00615848211066026), 'mlp__hidden_layer_sizes': (128,), 'mlp__batch_size': 64, 'mlp__alpha': np.float64(1e-06), 'mlp__activation': 'tanh'}",0.7466666666666667,0.8157894736842105,0.8705882352941177,0.8110147918816649,0.05070330023781279,56
0.0685574213663737,0.01675184873294975,0.002486546834309896,0.0018559213328243679,adam,0.000545559478116852,"(32, 16)",32,0.0007847599703514606,tanh,"{'mlp__solver': 'adam', 'mlp__learning_rate_init': np.float64(0.000545559478116852), 'mlp__hidden_layer_sizes': (32, 16), 'mlp__batch_size': 32, 'mlp__alpha': np.float64(0.0007847599703514606), 'mlp__activation': 'tanh'}",0.6666666666666666,0.8484848484848485,0.8705882352941177,0.7952465834818776,0.0913664277630282,76
0.1660478115081787,0.03357090746917765,0.0012505849202473958,0.0017685941551131427,adam,0.0008858667904100823,"(128, 64)",16,0.0014384498882876629,relu,"{'mlp__solver': 'adam', 'mlp__learning_rate_init': np.float64(0.0008858667904100823), 'mlp__hidden_layer_sizes': (128, 64), 'mlp__batch_size': 16, 'mlp__alpha': np.float64(0.0014384498882876629), 'mlp__activation': 'relu'}",0.7692307692307693,0.8493150684931506,0.9213483146067416,0.8466313841102204,0.062130714488102354,17
0.14815640449523926,0.009854105225054666,0.006938060124715169,0.007911167943902576,adam,0.0018329807108324356,"(64, 32)",8,0.008858667904100823,relu,"{'mlp__solver': 'adam', 'mlp__learning_rate_init': np.float64(0.0018329807108324356), 'mlp__hidden_layer_sizes': (64, 32), 'mlp__batch_size': 8, 'mlp__alpha': np.float64(0.008858667904100823), 'mlp__activation': 'relu'}",0.8,0.810126582278481,0.7848101265822784,0.7983122362869199,0.01040407426661432,74
0.06622433662414551,0.008484646331290339,0.0033341248830159507,0.0004743624019810583,adam,0.0011288378916846883,"(32,)",16,1e-06,tanh,"{'mlp__solver': 'adam', 'mlp__learning_rate_init': np.float64(0.0011288378916846883), 'mlp__hidden_layer_sizes': (32,), 'mlp__batch_size': 16, 'mlp__alpha': np.float64(1e-06), 'mlp__activation': 'tanh'}",0.7865168539325843,0.8732394366197183,0.925,0.8615854301841009,0.057132928833749104,6
0.0865019162495931,0.01585245842709663,0.001669486363728841,0.001247480134781821,adam,0.002335721469090121,"(128, 64)",32,0.0004281332398719391,relu,"{'mlp__solver': 'adam', 'mlp__learning_rate_init': np.float64(0.002335721469090121), 'mlp__hidden_layer_sizes': (128, 64), 'mlp__batch_size': 32, 'mlp__alpha': np.float64(0.0004281332398719391), 'mlp__activation': 'relu'}",0.7532467532467533,0.8493150684931506,0.9213483146067416,0.8413033787822152,0.06886060369536276,19
0.051923116048177086,0.002705528488469771,0.0006705919901529948,0.0009483602872931303,adam,0.00379269019073225,"(32, 16)",64,0.00012742749857031334,relu,"{'mlp__solver': 'adam', 'mlp__learning_rate_init': np.float64(0.00379269019073225), 'mlp__hidden_layer_sizes': (32, 16), 'mlp__batch_size': 64, 'mlp__alpha': np.float64(0.00012742749857031334), 'mlp__activation': 'relu'}",0.7848101265822784,0.7945205479452054,0.8571428571428571,0.8121578438901137,0.032055281767321114,55
0.09999648729960124,0.03216057992933789,0.002153793970743815,0.001597974451746286,adam,0.00012742749857031334,"(16,)",16,1e-06,relu,"{'mlp__solver': 'adam', 'mlp__learning_rate_init': np.float64(0.00012742749857031334), 'mlp__hidden_layer_sizes': (16,), 'mlp__batch_size': 16, 'mlp__alpha': np.float64(1e-06), 'mlp__activation': 'relu'}",0.676923076923077,0.3,0.6666666666666666,0.5478632478632478,0.17531579263113622,119
0.05413373311360677,0.011253590302440743,0.0010009606679280598,0.0014155721519858943,adam,0.00615848211066026,"(128,)",32,3.792690190732254e-05,relu,"{'mlp__solver': 'adam', 'mlp__learning_rate_init': np.float64(0.00615848211066026), 'mlp__hidden_layer_sizes': (128,), 'mlp__batch_size': 32, 'mlp__alpha': np.float64(3.792690190732254e-05), 'mlp__activation': 'relu'}",0.8292682926829268,0.8205128205128205,0.9333333333333333,0.8610381488430269,0.05124522643522331,8
0.04770334561665853,0.003941743853018989,0.006563901901245117,0.007261205730095008,adam,0.00379269019073225,"(32,)",32,1.8329807108324375e-06,relu,"{'mlp__solver': 'adam', 'mlp__learning_rate_init': np.float64(0.00379269019073225), 'mlp__hidden_layer_sizes': (32,), 'mlp__batch_size': 32, 'mlp__alpha': np.float64(1.8329807108324375e-06), 'mlp__activation': 'relu'}",0.65,0.8157894736842105,0.9090909090909091,0.7916267942583732,0.1071444542075954,79
0.09879875183105469,0.0008113790475385368,0.0060240427652994795,0.008519282979002047,adam,0.002976351441631319,"(16,)",8,0.05455594781168514,relu,"{'mlp__solver': 'adam', 'mlp__learning_rate_init': np.float64(0.002976351441631319), 'mlp__hidden_layer_sizes': (16,), 'mlp__batch_size': 8, 'mlp__alpha': np.float64(0.05455594781168514), 'mlp__activation': 'relu'}",0.8354430379746836,0.8125,0.8571428571428571,0.835028631705847,0.018227725637722424,26
0.07592161496480306,0.003250713540901209,0.003342866897583008,0.00046559972324309836,adam,0.0008858667904100823,"(64, 32, 16)",64,0.0007847599703514606,relu,"{'mlp__solver': 'adam', 'mlp__learning_rate_init': np.float64(0.0008858667904100823), 'mlp__hidden_layer_sizes': (64, 32, 16), 'mlp__batch_size': 64, 'mlp__alpha': np.float64(0.0007847599703514606), 'mlp__activation': 'relu'}",0.676923076923077,0.72,0.9333333333333333,0.7767521367521368,0.11210756343067219,88
0.05015699068705241,0.006107482348619958,0.0033114751180013022,0.0004195705181294876,adam,0.004832930238571752,"(64,)",32,1.8329807108324375e-06,relu,"{'mlp__solver': 'adam', 'mlp__learning_rate_init': np.float64(0.004832930238571752), 'mlp__hidden_layer_sizes': (64,), 'mlp__batch_size': 32, 'mlp__alpha': np.float64(1.8329807108324375e-06), 'mlp__activation': 'relu'}",0.8148148148148148,0.7714285714285715,0.8571428571428571,0.8144620811287479,0.03499359950683851,53
0.048709710439046226,0.008039462703849802,0.008018016815185547,0.007111862388857033,adam,0.002335721469090121,"(64, 32)",64,0.029763514416313194,tanh,"{'mlp__solver': 'adam', 'mlp__learning_rate_init': np.float64(0.002335721469090121), 'mlp__hidden_layer_sizes': (64, 32), 'mlp__batch_size': 64, 'mlp__alpha': np.float64(0.029763514416313194), 'mlp__activation': 'tanh'}",0.8,0.7333333333333333,0.7027027027027027,0.7453453453453452,0.04061943163702324,101
0.15999213854471842,0.005374726282447795,0.0009984175364176433,0.0014119756209129643,adam,0.00020691380811147902,"(64, 32, 16)",32,0.008858667904100823,tanh,"{'mlp__solver': 'adam', 'mlp__learning_rate_init': np.float64(0.00020691380811147902), 'mlp__hidden_layer_sizes': (64, 32, 16), 'mlp__batch_size': 32, 'mlp__alpha': np.float64(0.008858667904100823), 'mlp__activation': 'tanh'}",0.7671232876712328,0.6896551724137931,0.9090909090909091,0.788623123058645,0.09086507515366397,82
0.0703283150990804,0.006890321834736283,0.002519687016805013,0.0018916298179551484,adam,0.004832930238571752,"(64, 32, 16)",64,0.029763514416313194,tanh,"{'mlp__solver': 'adam', 'mlp__learning_rate_init': np.float64(0.004832930238571752), 'mlp__hidden_layer_sizes': (64, 32, 16), 'mlp__batch_size': 64, 'mlp__alpha': np.float64(0.029763514416313194), 'mlp__activation': 'tanh'}",0.8292682926829268,0.8888888888888888,0.7848101265822784,0.8343224360513647,0.042640008323252154,29
0.09423216183980306,0.010423851339236902,0.0053755442301432295,0.006158330001838074,adam,0.000545559478116852,"(64,)",16,0.01623776739188721,tanh,"{'mlp__solver': 'adam', 'mlp__learning_rate_init': np.float64(0.000545559478116852), 'mlp__hidden_layer_sizes': (64,), 'mlp__batch_size': 16, 'mlp__alpha': np.float64(0.01623776739188721), 'mlp__activation': 'tanh'}",0.6470588235294118,0.8125,0.8571428571428571,0.772233893557423,0.09036903891214627,91
0.0870376427968343,0.016947213770292374,0.003070672353108724,0.0008906234302698484,adam,0.0001,"(128, 64)",64,0.029763514416313194,tanh,"{'mlp__solver': 'adam', 'mlp__learning_rate_init': np.float64(0.0001), 'mlp__hidden_layer_sizes': (128, 64), 'mlp__batch_size': 64, 'mlp__alpha': np.float64(0.029763514416313194), 'mlp__activation': 'tanh'}",0.65625,0.7792207792207793,0.782608695652174,0.7393598249576511,0.058783794523122775,105
0.07187843322753906,0.004437685211360761,0.0026678244272867837,0.0018864368665914273,adam,0.0008858667904100823,"(64,)",16,0.0026366508987303583,relu,"{'mlp__solver': 'adam', 'mlp__learning_rate_init': np.float64(0.0008858667904100823), 'mlp__hidden_layer_sizes': (64,), 'mlp__batch_size': 16, 'mlp__alpha': np.float64(0.0026366508987303583), 'mlp__activation': 'relu'}",0.5666666666666667,0.8125,0.8571428571428571,0.7454365079365078,0.12771645230536424,100
0.09214973449707031,0.013089013964278083,0.0026723543802897134,0.00046845609999611655,adam,0.0001623776739188721,"(128, 64)",64,3.792690190732254e-05,tanh,"{'mlp__solver': 'adam', 'mlp__learning_rate_init': np.float64(0.0001623776739188721), 'mlp__hidden_layer_sizes': (128, 64), 'mlp__batch_size': 64, 'mlp__alpha': np.float64(3.792690190732254e-05), 'mlp__activation': 'tanh'}",0.65625,0.7631578947368421,0.9090909090909091,0.7761662679425837,0.10363089840896625,89
0.2697304884592692,0.0511029073713156,0.006241162618001302,0.0022908017910339205,adam,0.0006951927961775605,"(128, 64)",16,0.004832930238571752,relu,"{'mlp__solver': 'adam', 'mlp__learning_rate_init': np.float64(0.0006951927961775605), 'mlp__hidden_layer_sizes': (128, 64), 'mlp__batch_size': 16, 'mlp__alpha': np.float64(0.004832930238571752), 'mlp__activation': 'relu'}",0.7532467532467533,0.8493150684931506,0.9213483146067416,0.8413033787822152,0.06886060369536276,19
0.22572946548461914,0.04997547040288075,0.0033432642618815103,0.0009395060571336535,adam,0.0014384498882876629,"(128, 64)",8,0.0026366508987303583,tanh,"{'mlp__solver': 'adam', 'mlp__learning_rate_init': np.float64(0.0014384498882876629), 'mlp__hidden_layer_sizes': (128, 64), 'mlp__batch_size': 8, 'mlp__alpha': np.float64(0.0026366508987303583), 'mlp__activation': 'tanh'}",0.8311688311688312,0.8,0.9090909090909091,0.8467532467532468,0.04587927722767709,16
0.11357498168945312,0.013470631710535575,0.0,0.0,adam,0.0003359818286283781,"(32,)",8,0.1,relu,"{'mlp__solver': 'adam', 'mlp__learning_rate_init': np.float64(0.0003359818286283781), 'mlp__hidden_layer_sizes': (32,), 'mlp__batch_size': 8, 'mlp__alpha': np.float64(0.1), 'mlp__activation': 'relu'}",0.7727272727272727,0.7804878048780488,0.9333333333333333,0.8288494703128849,0.07394914779122508,36
0.1772916316986084,0.02285113813697174,0.0006693204243977865,0.0009465620217566654,adam,0.00020691380811147902,"(128,)",8,0.0026366508987303583,tanh,"{'mlp__solver': 'adam', 'mlp__learning_rate_init': np.float64(0.00020691380811147902), 'mlp__hidden_layer_sizes': (128,), 'mlp__batch_size': 8, 'mlp__alpha': np.float64(0.0026366508987303583), 'mlp__activation': 'tanh'}",0.7466666666666667,0.8235294117647058,0.8837209302325582,0.8179723362213102,0.05608997894361918,48
0.052780866622924805,0.013717884783576465,0.0075884660085042315,0.006488198257933843,adam,0.0014384498882876629,"(64, 32)",64,0.00023357214690901214,relu,"{'mlp__solver': 'adam', 'mlp__learning_rate_init': np.float64(0.0014384498882876629), 'mlp__hidden_layer_sizes': (64, 32), 'mlp__batch_size': 64, 'mlp__alpha': np.float64(0.00023357214690901214), 'mlp__activation': 'relu'}",0.5806451612903226,0.8,0.7887323943661971,0.7231258518855066,0.10085402034141604,107
0.1008440653483073,0.011242873834323805,0.0006697177886962891,0.0009471239797368107,adam,0.0014384498882876629,"(64, 32)",16,0.0026366508987303583,relu,"{'mlp__solver': 'adam', 'mlp__learning_rate_init': np.float64(0.0014384498882876629), 'mlp__hidden_layer_sizes': (64, 32), 'mlp__batch_size': 16, 'mlp__alpha': np.float64(0.0026366508987303583), 'mlp__activation': 'relu'}",0.7368421052631579,0.810126582278481,0.896551724137931,0.81450680389319,0.06527470335092454,52
0.189119021097819,0.04051757574173172,0.00526118278503418,0.007440436048719189,adam,0.0006951927961775605,"(64, 32, 16)",8,0.1,tanh,"{'mlp__solver': 'adam', 'mlp__learning_rate_init': np.float64(0.0006951927961775605), 'mlp__hidden_layer_sizes': (64, 32, 16), 'mlp__batch_size': 8, 'mlp__alpha': np.float64(0.1), 'mlp__activation': 'tanh'}",0.7948717948717948,0.8529411764705882,0.8571428571428571,0.8349852761617468,0.02841633410578523,28
0.11823495229085286,0.017479589640997533,0.0010002454121907551,0.0014145606276216329,adam,0.0006951927961775605,"(16,)",16,0.0007847599703514606,relu,"{'mlp__solver': 'adam', 'mlp__learning_rate_init': np.float64(0.0006951927961775605), 'mlp__hidden_layer_sizes': (16,), 'mlp__batch_size': 16, 'mlp__alpha': np.float64(0.0007847599703514606), 'mlp__activation': 'relu'}",0.8354430379746836,0.7017543859649122,0.8837209302325582,0.8069727847240514,0.07696697256310067,64
0.1686720848083496,0.021095878758339244,0.0018692811330159504,0.0014723986668671095,adam,0.004832930238571752,"(128, 64)",8,0.00012742749857031334,relu,"{'mlp__solver': 'adam', 'mlp__learning_rate_init': np.float64(0.004832930238571752), 'mlp__hidden_layer_sizes': (128, 64), 'mlp__batch_size': 8, 'mlp__alpha': np.float64(0.00012742749857031334), 'mlp__activation': 'relu'}",0.7222222222222222,0.8266666666666667,0.9333333333333333,0.8274074074074074,0.08618734180561058,38
0.07831168174743652,0.004083668115521337,0.0036787192026774087,0.0004547926037471842,adam,0.00042813323987193956,"(64,)",64,0.00012742749857031334,tanh,"{'mlp__solver': 'adam', 'mlp__learning_rate_init': np.float64(0.00042813323987193956), 'mlp__hidden_layer_sizes': (64,), 'mlp__batch_size': 64, 'mlp__alpha': np.float64(0.00012742749857031334), 'mlp__activation': 'tanh'}",0.6268656716417911,0.5925925925925926,0.8571428571428571,0.6922003737924136,0.1174682314421979,110
0.07496198018391927,0.0008309870021320445,0.0023234685262044272,0.0016916358669787864,adam,0.0006951927961775605,"(128,)",32,2.06913808111479e-05,tanh,"{'mlp__solver': 'adam', 'mlp__learning_rate_init': np.float64(0.0006951927961775605), 'mlp__hidden_layer_sizes': (128,), 'mlp__batch_size': 32, 'mlp__alpha': np.float64(2.06913808111479e-05), 'mlp__activation': 'tanh'}",0.7297297297297297,0.8695652173913043,0.8571428571428571,0.8188126014212971,0.0631949221596574,45
0.08206733067830403,0.016496099768661617,0.008084853490193685,0.005511175219963977,adam,0.004832930238571752,"(64,)",16,2.06913808111479e-05,tanh,"{'mlp__solver': 'adam', 'mlp__learning_rate_init': np.float64(0.004832930238571752), 'mlp__hidden_layer_sizes': (64,), 'mlp__batch_size': 16, 'mlp__alpha': np.float64(2.06913808111479e-05), 'mlp__activation': 'tanh'}",0.8157894736842105,0.7945205479452054,0.8571428571428571,0.822484292924091,0.026000049433319385,42
0.058026393254597984,0.021897804729675226,0.008341232935587565,0.006617211289310021,adam,0.00042813323987193956,"(16,)",32,0.0014384498882876629,relu,"{'mlp__solver': 'adam', 'mlp__learning_rate_init': np.float64(0.00042813323987193956), 'mlp__hidden_layer_sizes': (16,), 'mlp__batch_size': 32, 'mlp__alpha': np.float64(0.0014384498882876629), 'mlp__activation': 'relu'}",0.696969696969697,0.36363636363636365,0.6666666666666666,0.5757575757575757,0.15050166086617514,117
0.15199621518452963,0.030183426678343502,0.002273082733154297,0.0019740293936434386,adam,0.0006951927961775605,"(16,)",8,1.1288378916846883e-05,relu,"{'mlp__solver': 'adam', 'mlp__learning_rate_init': np.float64(0.0006951927961775605), 'mlp__hidden_layer_sizes': (16,), 'mlp__batch_size': 8, 'mlp__alpha': np.float64(1.1288378916846883e-05), 'mlp__activation': 'relu'}",0.8354430379746836,0.7457627118644068,0.8705882352941177,0.8172646617110694,0.05255595651342465,50
0.14737462997436523,0.01589437712867879,0.0045015811920166016,0.00388596964422816,adam,0.000545559478116852,"(64, 32)",8,0.004832930238571752,tanh,"{'mlp__solver': 'adam', 'mlp__learning_rate_init': np.float64(0.000545559478116852), 'mlp__hidden_layer_sizes': (64, 32), 'mlp__batch_size': 8, 'mlp__alpha': np.float64(0.004832930238571752), 'mlp__activation': 'tanh'}",0.8395061728395061,0.7333333333333333,0.7027027027027027,0.7585140696251806,0.058619390822022284,96
0.23344969749450684,0.06608331452844245,0.0031112035115559897,0.004399906201345278,adam,0.000545559478116852,"(64, 32, 16)",8,6.158482110660267e-06,relu,"{'mlp__solver': 'adam', 'mlp__learning_rate_init': np.float64(0.000545559478116852), 'mlp__hidden_layer_sizes': (64, 32, 16), 'mlp__batch_size': 8, 'mlp__alpha': np.float64(6.158482110660267e-06), 'mlp__activation': 'relu'}",0.65625,0.8421052631578947,0.9333333333333333,0.8105628654970761,0.11529667685417098,57
0.11873189608256023,0.00956924959952459,0.003181616465250651,0.001012228146629697,adam,0.00379269019073225,"(128,)",8,1.1288378916846883e-05,relu,"{'mlp__solver': 'adam', 'mlp__learning_rate_init': np.float64(0.00379269019073225), 'mlp__hidden_layer_sizes': (128,), 'mlp__batch_size': 8, 'mlp__alpha': np.float64(1.1288378916846883e-05), 'mlp__activation': 'relu'}",0.8837209302325582,0.8,0.9333333333333333,0.8723514211886304,0.05502359340240274,2
0.16666547457377115,0.0696481400957594,0.002846797307332357,0.002037317346021211,adam,0.0001623776739188721,"(32, 16)",8,1.1288378916846883e-05,tanh,"{'mlp__solver': 'adam', 'mlp__learning_rate_init': np.float64(0.0001623776739188721), 'mlp__hidden_layer_sizes': (32, 16), 'mlp__batch_size': 8, 'mlp__alpha': np.float64(1.1288378916846883e-05), 'mlp__activation': 'tanh'}",0.684931506849315,0.8484848484848485,0.8837209302325582,0.8057124285222406,0.08660800057097824,66
0.112975279490153,0.005053894570329385,0.0,0.0,adam,0.007847599703514606,"(128,)",8,0.00012742749857031334,relu,"{'mlp__solver': 'adam', 'mlp__learning_rate_init': np.float64(0.007847599703514606), 'mlp__hidden_layer_sizes': (128,), 'mlp__batch_size': 8, 'mlp__alpha': np.float64(0.00012742749857031334), 'mlp__activation': 'relu'}",0.7368421052631579,0.8051948051948052,0.9333333333333333,0.8251234145970988,0.08144553510030826,40
0.1333040396372477,0.013357759947553907,0.005277077356974284,0.007462914367924999,adam,0.0001623776739188721,"(64, 32)",16,0.004832930238571752,tanh,"{'mlp__solver': 'adam', 'mlp__learning_rate_init': np.float64(0.0001623776739188721), 'mlp__hidden_layer_sizes': (64, 32), 'mlp__batch_size': 16, 'mlp__alpha': np.float64(0.004832930238571752), 'mlp__activation': 'tanh'}",0.5333333333333333,0.7333333333333333,0.684931506849315,0.6505327245053273,0.08519568521962358,114
0.05177752176920573,0.007317357251547137,0.0006693204243977865,0.0009465620217566654,adam,0.004832930238571752,"(16,)",32,0.0004281332398719391,relu,"{'mlp__solver': 'adam', 'mlp__learning_rate_init': np.float64(0.004832930238571752), 'mlp__hidden_layer_sizes': (16,), 'mlp__batch_size': 32, 'mlp__alpha': np.float64(0.0004281332398719391), 'mlp__activation': 'relu'}",0.8461538461538461,0.7017543859649122,0.8837209302325582,0.8105430541171055,0.07843915769686413,58
0.05475846926371256,0.003579270935400164,0.004131873448689778,0.0009820981399221104,adam,0.0014384498882876629,"(32, 16)",32,1e-06,relu,"{'mlp__solver': 'adam', 'mlp__learning_rate_init': np.float64(0.0014384498882876629), 'mlp__hidden_layer_sizes': (32, 16), 'mlp__batch_size': 32, 'mlp__alpha': np.float64(1e-06), 'mlp__activation': 'relu'}",0.7466666666666667,0.6181818181818182,0.8571428571428571,0.7406637806637807,0.0976477359887998,103
0.054369608561197914,0.010986024910355087,0.003578027089436849,0.0008233294753423644,adam,0.00042813323987193956,"(32, 16)",64,1.8329807108324375e-06,tanh,"{'mlp__solver': 'adam', 'mlp__learning_rate_init': np.float64(0.00042813323987193956), 'mlp__hidden_layer_sizes': (32, 16), 'mlp__batch_size': 64, 'mlp__alpha': np.float64(1.8329807108324375e-06), 'mlp__activation': 'tanh'}",0.684931506849315,0.8484848484848485,0.8837209302325582,0.8057124285222406,0.08660800057097824,66
0.060729424158732094,0.01933358504163609,0.0022994677225748696,0.0016664767664085847,adam,0.00042813323987193956,"(32,)",64,0.1,relu,"{'mlp__solver': 'adam', 'mlp__learning_rate_init': np.float64(0.00042813323987193956), 'mlp__hidden_layer_sizes': (32,), 'mlp__batch_size': 64, 'mlp__alpha': np.float64(0.1), 'mlp__activation': 'relu'}",0.7142857142857143,0.7804878048780488,0.9333333333333333,0.8093689508323655,0.09172805930696676,60
0.10935839017232259,0.010497148211926818,0.0,0.0,adam,0.0018329807108324356,"(128,)",8,0.00023357214690901214,relu,"{'mlp__solver': 'adam', 'mlp__learning_rate_init': np.float64(0.0018329807108324356), 'mlp__hidden_layer_sizes': (128,), 'mlp__batch_size': 8, 'mlp__alpha': np.float64(0.00023357214690901214), 'mlp__activation': 'relu'}",0.7692307692307693,0.8205128205128205,0.9333333333333333,0.841025641025641,0.06854679540431938,22
0.09347979227701823,0.0075571834274700215,0.0016685326894124348,0.0012488706294071505,adam,0.00012742749857031334,"(64,)",32,2.06913808111479e-05,relu,"{'mlp__solver': 'adam', 'mlp__learning_rate_init': np.float64(0.00012742749857031334), 'mlp__hidden_layer_sizes': (64,), 'mlp__batch_size': 32, 'mlp__alpha': np.float64(2.06913808111479e-05), 'mlp__activation': 'relu'}",0.7605633802816901,0.6181818181818182,0.8571428571428571,0.7452960185354551,0.09815095104430588,102
0.12158322334289551,0.008345908358512349,0.0,0.0,adam,0.00026366508987303583,"(64, 32, 16)",32,0.00023357214690901214,relu,"{'mlp__solver': 'adam', 'mlp__learning_rate_init': np.float64(0.00026366508987303583), 'mlp__hidden_layer_sizes': (64, 32, 16), 'mlp__batch_size': 32, 'mlp__alpha': np.float64(0.00023357214690901214), 'mlp__activation': 'relu'}",0.6349206349206349,0.8157894736842105,0.9090909090909091,0.7866003392319182,0.11381663319335573,84
